{
  "camera_matrix": [
    [
      263.16546630859375,
      0.0,
      321.3332824707031
    ],
    [
      0.0,
      263.16546630859375,
      188.22222900390625
    ],
    [
      0.0,
      0.0,
      1.0
    ]
  ],
  "extrinsic_matrix": [
    [
      -0.999649,
      -0.0248669,
      0.00912824,
      0.05193
    ],
    [
      -0.0102284,
      0.044481,
      -0.998957,
      0.131159
    ],
    [
      0.024435,
      -0.998701,
      -0.0447198,
      0.0918986
    ],
    [
      0.0,
      0.0,
      0.0,
      1.0
    ]
  ]
}